Linha,Entidade,Toque,Ponto
Exu,Caveira,Congo,"Ê, Caveira, firma o teu ponto na folha da bananeira Exú Caveira 
Quando o galo canta é madrugada foi Exú na encruzilhada, batizado com dendê
Rezo uma oração de traz pra frente queimo fogo e a chama ardente aquece Exú, Ô Laroiê
Eu ouço a gargalhada do Diabo, é Caveira, o enviado do Príncipe Lúcifer
É ele quem comanda o cemitério, Catacumba tem mistério e seu feitiço tem axé
Na Calunga, quando ele aparece, credo em cruz, eu rezo prece pra Exú dono da rua
Sinto a força deste momento e firmo o meu pensamento nos quatros cantos da rua
Peço a ele que me proteja onde quer que eu esteja ao longo desta caminhada
Confio em sua ajuda verdadeira, ele é Exú Caveira Senhor das Encruzilhadas"
Exu,Caveira,Congo,"Portão de ferro cadeado de madeira  (2x)
Quem manda no cemitério é seu Exu Caveira  (2x)"
Exu,Tata Caveira,Samba,"Soltaram um bode preto meia noite na calunga (2x)
Ele correu os 4 cantos foi parar na na porteira, bebeu marafo com Tatá Caveira"
Exu,Tata Caveira,Barravento,"Ele vem vindo por detrás da bananeira (2x)
Saravá seu Omulu, Exu Tata Caveira (2x)"
Exu,Tranca Rua,Nago,"Estava dormindo na beira do mar (2x)
Quando as Almas me chamaram para trabalhar (2x)
Acorda Tranca Rua vai vigiar (2x)
O inimigo está invadindo a porteira e o curral (2x)
Põe a mão nas suas armas e vai guerrear (2x)
Põe o inimigo pra fora pra nunca mais voltar (2x)"
Exu,Morcego,Congo,"Eu acordei com sede, da sede eu tive medo
Corri pelo caminho saravei Exu Morcego (2x)
Ele olhou pra mim e deu uma gargalhada
Eu saí correndo caí na encruzilhada (2x)"
Exu,Morcego,Congo,"Exu Morcego ganhou um obé de prata, pra cima ele ajuda pra baixo ele mata (2x)"
Exu,Morcego,Congo,"Voando em duas asas negras, voando pelo mundo inteiro (2x)
Na lei de exu, exu Morcego é o diabo que eu chamei primeiro (2x)"
Exu,Ventania,Congo,"Exu em festa é na encruzilhada, Exu em festa é na encruzilhada (2x)
Sua coroa é de ferro, seu tridente é de ferro, é na encruzilhada (2x)"
Exu,Ventania,Congo,"Seu Ventania onde é que tu anda, Seu Ventania o que é que tu quer? (2x)
Quero um charuto e uma marafo, e se possível sete mulher (2x)"
Exu,Ventania,Congo,"Seu Ventania é uma beleza, eu nunca vi um Exu assim (2x)
Seu ventania é uma beleza, ele é madeira que não dá cupim (2x)"
Exu,Ventania,Congo,"Venta toda noite, venta todo dia, venta toda noite, venta todo dia (2x)
Eu tô chamando, eu tô chamando, Exu seu Ventania (2x)"
Exu,Capa Preta,Barravento,"Seu Capa Preta na encruza ele é poder, seu Capa Preta na defesa ele ataca (2x)
Pisa seu exu quero ouvir sua risada, pisa Capa Preta eu quero ouvir sua risada
Seu Capa Preta demanda com quem quer ver, pro inimigo ele dá uma gargalhada"
Exu,Sete da Lira,Samba,"Sou Exu, trabalho no canto, quando canto desmancho quebranto 
Sete cordas tem minha viola, vou pra gira de lenço e cartola 
Viola é tridente cigarro é charuto, bebida é marafo
Sou Sete da Lira, derrubo inimigo, ponteiro de Aço"
Exu,Sete Porteiras,Samba,"Pinto piou na calunga, galo cantou na Angola  (2x)
Sete Porteiras pisa no terreiro, e põe o inimigo da porta pra fora (2x)"
Exu,Exu,Samba,"Exú fez uma casa sem porteira e sem janelas (2x)
E ainda não achou morador pra morar nela (2x)
Tem morador, nessa casa tem morador (2x)
Na casa que o galo canta, nessa casa tem morador (2x)"
Exu,Exu,Samba,"Não era meia noite quando o malvado chegou 
com sua capa de ferro dizendo que era doutor  (2x)
Ele era exu dizendo que era doutor, ele era seu irmão de seu Marabô  (2x)"
Exu,Exu,Congo,"Agora eu quero ver o povo da terra de ganga, agora eu quero ver o povo da terra de ganga
Ô ganga aê, ô ganda, povo da terra de ganga (2x)"
Exu,Exu,Nago,"Exu ganhou um sapato de ferro pra passear no inferno aonde é fogo só, aonde é fogo só
Exu ganhou um sapato de ferro pra passear no inferno aonde é fogo só, aonde é fogo só"
Exu,Exu,Congo,"Macumba sem Exu não existe, macumba sem Exu não há
Procure com uma vela acessa, igual Exu Pimenta ninguém vai encontrar"
Exu,Sete Encruzilhadas,Samba,"Dizem que Exu só bebe e dá risada, ele é Exú é o Rei das Sete Encruzilhadas  (2x)
I quas quas quas mas que linda risada que exu vai dar  (2x)
Que linda risada que Exu vai dar que linda risada de quas quas quas  (2x"
Exu,Sete Encruzilhadas,Samba,"Odara, morador da encruzilhada, firma seu ponto com 7 facas cruzadas (2x)
Filho de umbanda pede com fé, ao seu sete encruzilhadas que ele dá o que você quer (2x)"
Exu,Sete Catacumbas,Congo,"Deu meia noite a catacumba pegou fogo
Ele é Seu Catacumba,ele mora é na calunga
A minha mãe é tumba meu pai é tumba Meu avô é caixão preto e eu sou Sete Catacumba"
Exu,Veludo,Nago,"Ô salve o sol, ô salve a lua, na encruzilhada posso com tudo  (2x)
Porque eu sou, Exu veludo  (2x)"
Exu,Meia Noite,Nago,"Exu da meia noite, Exu da madrugada  (2x)
Na Umbanda sem exu, Não se pode fazer nada  (2x)"
Exu,Marabo,Congo,"Estava curiando na encruza, quando a banda me chamou  (2x)
Exu na Encruza é rei, no terreiro ele é doutor  (2x)
Exu vence demanda, Exu trabalhador 
Exu vence demanda, Exu é Marabô"
Exu,Lodo,Congo,"Na praia deserta eu vi Exu, e o meu corpo tremeu todo  (2x)
Arriei o seu marafo e saravei Exu do Lodo  (2x)"
Exu,Tranca Rua,Congo,"O sino da igrejinha faz belem blem blom  (2x)
Deu meia noite o galo já cantou
Seu tranca rua que é dono da gira, oi corre gira que Ogum mandou  (2x)"
Exu,Tranca Rua,Samba,"Deu um clarão na encruzilhada e do clarão saiu uma gargalhada (2x)
Não era o sol nem era a lua, o que brilhava era o mestre Tranca Rua (2x)"
Exu,Tranca Rua,Samba,"Ô luar, ô luar, ele é filho da lua  (2x)
Quem cometeu as suas faltas, peça perdão a tranca rua  (2x)"
Exu,Tranca Rua,Congo,"Em cima daquela mesa tem 7 facas cruzadas  (2x)
Salve Tranca Ruas, Salve 7 encruzilhadas  (2x)"
Exu,Tranca Rua,Samba,"Santo Antônio de batalha, faz de mim batalhador (2x)
Corre gira pomba gira, Tranca Rua e Marabô (2x)"
Exu,Marabo,Congo,"Ventou no canavial, um trovão lá no céu ecoou (2x)
Salve Iansã e Xangô, salve a coroa de exu Marabô (2x)"
Exu,Duas Cabeças,Samba,"Exu que tem duas cabeças, ele faz sua gira com fé (2x)
Uma é satanás no inferno, a outra é seu Exu Lúcifer (2x)"
Exu,Pinga Fogo,Samba,"Exu é de lei, a sua palavra não volta atrás (2x)
Ele é seu Pinga Fogo, o melhor de satanás (2x)"
Exu,Pinga Fogo,Samba,"Pinga Fogo na encruza, Pinga fogo lá na serra
Abre a porta minha gente, Pinga fogo está em terra (2x)"
Exu,Tiriri,Congo,"É meia noite em ponto e o galo cantou
Cantou pra anunciar que Tiriri chegou
Ele vem da Calunga de capa, cartola e tridente na mão
Esse Exu de fé é quem nos traz Axé e nos dá proteção
Ele é Exu Odara e vem nos ajudar 
Com seu punhal ele fura, ele corta demanda, ele salva, ele cura / Exu é mojubá, Laroiê  
Laroiê Exu é mojubá, perguntei a ele o que é Exu, ele vem me falar
Exu é caminho, é energia, é vida, é determinação
É cumpridor da Lei, Exu é esperto, Exu é guardião
Exu é trabalho, é alegria veloz, Exu é viver
É a magia, é o encanto, é o fogo, é o sangue na veia vibrando Exu é prazer, Laroiê
Laroiê Exu, Exu é mojubá, traz sua falange, Exu Tiriri, para trabalhar (2x)
Vem seu Tranca-Ruas, Maria Padilha e Exu Marabô
Sete Encruzilhadas, seu Zé Pilintra aqui chegou
Maria Mulambo, Maria Farrapo e Dona Figueira
Dona Sete Saias, Pombogira Menina e Rosa Vermelha
Sete Catacumbas, Exu Caveira firmam ponto aqui
E o Exu Capa Preta anunciou: a festa é do Exu Tiriri"
Exu,Sete Porteiras,Congo,"Quando passar naquela encruza, não se deve olhar pra trás
Pois lá tem morador, Sete Porteiras é quem mora lá (2x)
Ele já foi padre, já rezou missa, foi coroado pelo Satanás"
Exu,Chamada,Samba,"Balança figueira, balança figueira, balança figueira, eu quero ver Exu cair (2x)
Cadê Dona Rainha que eu não vejo ela aqui  (2x)
Balança figueira, balança figueira,balança figueira, eu quero ver Exu cair "
Pomba Gira,Pomba Gira,Samba,"Fita preta deu nó, ela deu um nó e amarrou, fita vermelha deu nó …
Pomba Gira me ajudou 
Fita preta deu nó, ela deu um nó e amarrou, fita vermelha deu nó …"
Exu,Exu,Barravento,"Fecha a porta desse velório, ninguém entra e ninguém sai  (2x)
É que essa noite vai ser diferente, a alma do defunto quer falar com a gente  (2x)
Não chora, não chora, chama Seu Tranca que eu não vou embora (2x)"
Exu,Demanda,Barravento,"Eu vou fazer minha oração, Exu caveira que me deu (2x)
Minha oração tem mironga e os inimigos não me tombam (2x)"
Exu,Demanda,Nago,"Só bota fogo quem sabe botar
Seu ponto é seguro e não pode falhar (2x)"
Exu,Demanda,Samba,"Santo Antonio pequenino amansador de burro bravo (2x)
Amansai meus inimigos com 70 mil diabos (2x)
Santo Antônio de batalha, faz de mim batalhador  (2x)
Corra a gira Pomba Gira, Tranca Ruas e Marabô  (2x)"
Exu,Demanda,Samba,"Quem nunca viu, venha ver caldeirão sem fundo ferver (2x)
Deu meia noite cemitério treme, catacumba racha e defunto geme (2x)"
Exu,Quimbanda,Congo,"Plantei jiló, nasceu quiabo, plantei jiló, nasceu quiabo
Mas que família é essa? É a família do diabo (2x)
Plantei jiló, nasceu quiabo, plantei jiló, nasceu quiabo
Seu Tranca Rua é, da família de diabo (2x)"
Exu,Quimbanda,Congo,"Saudei Lúcifer saudei, saudei Lúcifer senhor (2x)
Saudei Belzebu, saudei Nosferatu, Satanás e Astaroth (2x)"
Exu,Quimbanda,Congo,"Se Deus é bom, o Diabo não é mal, se Deus é bom, o Diabo não é mal (2x)
Ele comeu cabrito, foi numa noite de Natal, ele comeu cabrito, foi numa noite de Natal (2x)"
Exu,Subida,Samba,"Mas seu exu, pra que tanta demora? Dona da casa diz que é hora, é hora, é hora (2x)
Exu já bebeu, Exu já comeu, agora quem manda na banda sou eu (2x)"
Exu,Subida,Samba,"Leva leva, leva de frente
Pombo gira seu presente
Leva leva, leva de frente
Leva leva, Exu o seu presente"
Exu,Subida,Congo,"Quem trouxe trouxe, quem leva leva
Exu quem trouxe
Pombo gira quem carrega"
Pomba Gira,Rainha,Samba,"Malandro, te digo meu irmão que a rainha mexeu com meu coração (2x)
Eu hoje vou subir lá na favela, vou dizer para o pai dela que me apaixonei por ela
Malandro eu posso até correr perigo mas se eu descer do morro, a rainha desce comigo
Eu disse malandro…"
Pomba Gira,Rainha,Samba,"Foi condenada pela lei da inquisição para ser queimada viva na sexta feira da paixão (2x)
Padre rezava e o povo acompanhava quanto mais o fogo ardia, ela dava gargalhada (2x)"
Pomba Gira,Rainha,Samba,"Eu vi uma léba na beira da estrada
Uma léba é uma moça bem trajada 
Uma léba, ela dançava e dava risada 
Uma léba é a Rainha das 7 Encruzilhadas (2x)"
Pomba Gira,Rainha,Samba,"Umbanda sua rainha chegou, umbanda mais uma estrela brilhou (2x)
Ô salve, salve a pomba gira, que vem da encruzilhada para alegrar nossa gira
Salve Seu ponteiro de aço, salve sua tesoura, que corta todo embaraço (2x)"
Pomba Gira,Rainha,Congo,"No cabaré ela vivia sofrendo, na rua ela ficou ao relento 
Quando criança ela foi maltratada mas não chorava, ela dava risada
E na encruza ela foi coroada, hoje vive dançando e dando gargalhada 
Porque ela é  Rainha, ela é Rainha pombo gira faceira que deu volta na vida"
Pomba Gira,Rainha,Nago,"Se sua coroa é de ferro, e a sua capa é encarnada (2x)
Vamos saravar, Exu Pomba Gira Rainha das 7 Encruzilhadas (2x)"
Pomba Gira,Rainha,Congo,"Deu meia noite a lua se escondeu, lá na encruzilhada
Dando uma gargalhada, Pomba Gira apareceu (2x)
É laroiê, laroiê, laroiê, laroiê, é mojubá, é mojubá, é mojubá, é mojubá 
Ela é Odara dando sua gargalhada quem tem fé em pomba gira é só pedir que ela dá (2x)"
Pomba Gira,Pomba Gira,Samba,"Arreda homem que aí vem mulher (2x)
Ela é a Pomba Gira Rainha do Cabaré
Tranca Rua vem na frente, pra dizer quem ela é (2x)"
Pomba Gira,Pomba Gira,Samba,"Pomba Gira é mulher de sete maridos (2x)
Não mexa com ela, essa moça é um perigo (2x)
Pomba gira é de segunda a segunda (2x)
Na boca de quem não presta pomba gira é vagabunda (2x)"
Pomba Gira,Pomba Gira,Samba,"De vermelho e negro, vestindo a noite, um mistério traz
De colar de contas, brinco dourado, a promessa faz
Se é preciso ir, você pode ir, peça o que quiser
Mas cuidado, amigo, ela é bonita, ela é mulher (2x)
E no canto da rua zombando, zombando, zombando está
Ela é moça bonita girando, girando, girando lá"
Pomba Gira,Pomba Gira,Samba,"Juraram de me matar, na porta de um cabaré (2x)
Por causa da Pomba Gira Rainha de Lúcifer (2x)
Juraram me matar agora não matam mais (2x)
Minha comadre é pomba gira e meu compadre é satanás (2x)
Juraram me matar com um copo de veneno (2x)
Pode tentar me matar que parar de beber eu não paro mesmo (2x)"
Pomba Gira,Pomba Gira,Samba,"Roda essa saia mulher, que essa saia custou dinheiro
Dinheiro e ruim de ganhar e essa saia é boa de rodar"
Pomba Gira,Pomba Gira,Samba,"Bracilin de ouro,chuva fina não me molha
Se você não me quiser, outro quer e você chora
Vestiu vermelho só pra me fazer pirraça
Vermelho pra mim é sangue e sangue pra nada"
Pomba Gira,Dama da Noite,Congo,"Não mexa com ela não, ela é ponta de agulha (2x)
Quem mexer com Dama da Noite camarada, está cavando a sepultura (2x)"
Pomba Gira,Dama da Noite,Barravento,"Dama da Noite não te dou meu coração, eu não posso com você morar
Sua morada é na encruza, seu Tranca Rua é quem mora lá (2x)"
Pomba Gira,Dama da Noite,Samba,"Moça me dá um cigarro do seu pra eu fumar, que nem dinheiro eu tenho pra comprar  (2x)
Vivo sozinho, na solidão, dama da noite me dê sua proteção  (2x)"
Pomba Gira,Dama da Noite,Samba,"Ô dama da noite, ô minha donzela, cadê dama da noite eu quero falar com ela (2x)
Olha ela aí, olha ela aí, ô dama da noite a mulher do Tiriri (2x)"
Pomba Gira,Dama da Noite,Congo,"Dama da noite tem a tentação do cão, mas quem é que não quer pegar na sua mão
Ela trabalha com enxofre, tem a parte com cão"
Pomba Gira,Rosa Caveira,Samba,"Sacode o pó que chegou Rosa Caveira
Pomba Gira da calunga, vem levantando poeira 
Suas mandingas são cercadas de mistérios
Saravá a Pomba Gira que vem lá do cemitério
Se diz que faz é melhor não duvidar
Porque a Rosa Caveira promete para não faltar

Sacode o pó que chegou Rosa Caveira 
Pomba Gira da calunga, vem levantando poeira 
Levo uma rosa quando vou ao seu axé 
Falo com Rosa Caveira porque nela eu tenho fé
Tudo o que peço nunca me deixou faltar
Ela é muito formosa, ê na ê na é mojubá"
Pomba Gira,Maria Padilha,Samba,"O povo queria matar uma mulher
O padre não concordou e a rezou com muita fé (2x)
Ele era pecador e na fogueira morreu junto
Foi parar lá no inferno aquele casal de defunto 
Ela se juntou a cinzas gargalhou a luz da lua
A mulher virou padilha e o padre Tranca Rua     "
Pomba Gira,Maria Padilha,Congo,"Perambulava pelas ruas, já sem saber, o que fazer
Procurava na noite, uma solução, para tanta dor, sofrimento e solidão
Então eu clamei, ao povo da rua que me enviasse, no momento alguma ajuda 
Pois eu já não tinha força para continuar (2x)
Quando me virei vi uma mulher, na beira da estrada
Trazia uma rosa em suas mão, um feitiço no olhar
Naquela bela noite de luar, deslumbrei sua dança com sua saia a rodar
Eu me aproximei e lhe perguntei o que ela fazia na estrada
Ela respondeu, moço eu sou Rainha, vim lhe ajudar, sou Maria Padilha
Ela respondeu, moço eu sou Rainha, vim lhe ajudar, sou Maria Padilha
Quando eu precisei ô pombo gira, você veio me ajudar
Deste outro rumo a minha vida e hoje eu venho lhe louvar"
Pomba Gira,Maria Padilha,Congo,"Abre essa cova, quero ver tremer, abre essa cova quero ver balancear (2x)
Maria Padilha das almas, cemitério é o seu lugar
É na Calunga que a Padilha mora, é na Calunga que a Padilha vai girar (2x)"
Pomba Gira,Maria Padilha,Congo,"Na calunga eu vi, uma linda mulher girar
Ela bebia, ela fumava
Ela invocava Exu, dava gargalhada
Ela é Maria Padilha
Ela é  Exu Mulher
Ela vem lá da calunga, vem girando no terreiro
Vem trazendo o seu axé"
Pomba Gira,Maria Mulambo,Congo,"Foi na boca do Lixo, firma a curimba e vai fazer feitiço (2x)
Se quer saber, vem que eu quero ver
Maria Mulambo é de querê que dê
Se quer saber, vem pra cá girar
Maria Mulambo é de caiá caiá"
Pomba Gira,Maria Mulambo,Samba,"Mulambo rainha das Flores, ó deusa encantada 
Seu congá tem segurança, ó deusa encantada
Ela pisou em tapete de flores, rosa, perfume e botão
Ela deixou os seus súditos chorando, para viver no mundo da ilusão
Ela é Maria ela é mulher, ela é Maria ela é mulher pedacinho de mulambo para quem tem fé"
Pomba Gira,Maria Mulambo,Samba,"Lá vem ela, oh, caminhando pela rua
Lá vem a Maria Mulambo, com Tiriri, Marabô e Tranca Rua
Oh, que noite tão bonita como brilha o luar
Abram alas, minha gente que a Mulambo vai chegar
Canta um ponto bem bonito que a Mulambo vai dançar
O trabalho desta moça faz a Umbanda admirar
Lá vem ela, lá vem ela, oh
Caminhando pela rua lá vem a Maria Mulambo
Com Tiriri, Marabô e Tranca Rua
Lá vem ela!  lua brilhava, Tiriri bebia
Tranca Rua cantava, Marabô sorria
São todos Exu de fama, são todos Exu de fé 
Saravá Maria Mulambo e todo Exu que aqui vier!
Lá vem ela!"
Pomba Gira,Maria Mulambo,Barravento,"Quem não lhe conhece, vai lhe conhecer
Ela é Maria Mulambo, com muito prazer! 
Ela nasceu do lixo, na boca da lixeira
Ela é Maria Mulambo e não é de brincadeira (2x)
É maloqueira, é da lixeira, ela é da pá virada
Ela é Maria Mulambo e não me deve nada "
Pomba Gira,Maria Mulambo,Congo,"Ê mulambê, mulambá, Maria Mulambo dá sua risada (2x)
Deu meia noite na encruzilhada, maria Mulambo dá sua risada (2x)"
Pomba Gira,Tata Mulambo,Samba,"Tata Mulambo ela mereceu ganhar, ganhar o que ganhou (2x)
Foram 7 rosas na calunga, 7 marafos e uma saia de cetim
E como se tudo isso não bastasse, ela ganhou uma coroa de Atotô
Atoto meu pai , atotô meu senhor, Tata Mulambo mereceu o que ganhou (2x)"
Pomba Gira,Pomba Gira,Samba,"Gira ô abre a roda, deixa a pomba gira passar (2x)
Ela tem, ela tem peito de aço, ela tem peito de aço e coração de sabiá (2x)"
Pomba Gira,Pomba Gira,Congo,"Você me deu uma fita vermelha, nessa fita eu dei um nó  (2x)
Com essa fita ganhei carinho, ganhei amor e ganhei um xodó  (2x)"
Pomba Gira,Pomba Gira,Samba,"Sete facas encruzadas em cima daquela mesa
Eu vou chamar a pomba gira pra pegar sua cabeça 
Ela é Maria Mariá, ela é Maria Mariá
Ela é Maria Mariá, ela é maria Mariá*"
Pomba Gira,Figueira,Samba,"Foi em uma estrada velha na subida de uma serra, numa noite de luar, de luar, de luar
Pombo gira da Figueira, moça bela e faceira, dava o seu gargalhar"
Pomba Gira,Rainha do Cabaré,Samba,"Arreda homem que aí vem mulher  (2x)
Ela é Pomba Gira Rainha do candomblé
Tranca Rua vem na frente pra mostrar quem ela é"
Pomba Gira,Pomba Gira,Samba,"Foi uma rosa que eu plantei na encruzilhada a outra rosa eu plantei no meu jardim  (2x)
Maria Mulambo, Maria mulher, Maria Padilha Rainha de quem tem fé  (2x)"
Pomba Gira,Rosa Vermelha,Samba,"Rosa Vermelha, cigarrilha de prata
Rosa Vermelha, ela é a Pomba Gira da Estrada
Rosa Vermelha, cigarrilha de prata
Ela é a Pomba Gira da estrada
Rosa Vermelha é Pomba Gira
Rosa Vermelha é Maria padilha
Rosa Vermelha, rainha de Lúcifer"
Pomba Gira,Sete Saias,Samba,"Foi no dia que eu chorei
E chorava por amor

Quando em meu ombro alguem tocou
E as minhas lagrimas do rosto enxugou

Era uma linda mulher
De um perfume tão bom
Com sua doce voz falou
Não chore mais a 7 saias chegou
Foi ela que me consolou
Quando falou que a 7 saias chegou"
Pomba Gira,Sete Rosas Vermelhas,Congo,"Mas ela é doce como o mel, não existe melhor veneno  (2x)
Com uma rosa no cabelo, perigosa feito abelha  (2x)
É Sete Rosas Vermelhas mas ela é doce como o mel  (2x)
Não existe melhor veneno, com uma rosa no cabelo  (2x)
Perigosa feito abelha, é Sete Rosas Vermelhas  (2x)"
Pomba Gira,Rosa Vermelha,Samba,"Rosa Vermelha, cigarrilha de prata, ela é a pomba gira da estrada
Rosa Vermelha é pomba gira, Rosa Vermelha,  Maria Padilha
Rosa Vermelha, rainha de Lúcifer"
Exu Mirim,Exu Mirim,Barravento,"Exu Mirim, você não é pagão (2x)
Você foi batizado, pela lei do cão (2x)
Exu mirim, não tem medo de careta (2x)
Ele é filho do satanás, afilhado do capeta (2x)"
Exu Mirim,Exu Mirim,Ijexa,"Oh meu Senhor das Almas não faça pouco de mim (2x)
Eu sou pequenininho, eu sou Exú Mirim (2x)"
Exu Mirim,Exu Caveirinha,Nago,"Exú Caveirinha venha trabalhar, levanta dessa tumba faz pedra rolar
Na mão esquerda a foice, na cinta o punhal, não sai da linha mano, pra não se dar mal"
Exu Mirim,Exu Mirim,Congo,"Vi um menino sentado na encruza, perguntei o que que foi, perguntei o que que faz (2x)
Eu vim aqui desmanchar feitiço mas pra calunga eu já vou voltar (2x)"
Exu Mirim,Exu Mirim,Barravento,"Ele pulou brasa, ele pulou a porteira, ele pulou brasa, ele pulou a porteira
Botou fogo no paiol em uma brincadeira (2x)
É Mirim, é Mirim, é Exu travesso… É Mirim, é Mirim, é Exu travesso (2x)"
Exu Mirim,Exu Mirim,Ijexa,"É Mirim, é Mirim, é Mirim, é Mirim de pirimpimpim (2x)
Pisa no galho, pisa no toco, tira encrenca, tira sufoco (2x)"
Malandro,Malandro,Samba,"Joguei o limão pro alto e aparei no canivete
Em conversa de malandro otário não se mete  
Se quiser me ver vai no cabaré 
Vou tá sentado em uma mesa rodeado de mulher "
Malandro,Malandro,Samba,"Você que fez trato com Malandro, trato feito não volta atrás (2x)
Você conseguiu o que queria mas aquilo que devia não lembra mais (2x)
Corre o fogo, corre o vento, corre até não poder mais
Um dia você me paga nas voltas que o mundo faz (2x)"
Malandro,Maria Navalha,Congo,"Pode me chamar de covarde mas não abandono essa mulher (2x)
Isso não é mulher é uma tentação (2x)
Ela joga baralho, ela puxa a navalha, risca a faca no chão (2x)"
Malandro,Zé Pelintra,Samba,"Seu doutor seu doutor, bravo Senhor
Zé Pilintra chegou, bravo senhor
Com poderes de Deus, bravo senhor
Zé Pilintra sou eu, bravo senhor
Carro não anda sem boi
Nem Zé anda sem beber
A roda do carro é grande
Zé Pilintra vai dizer"
Malandro,Zé Pelintra,Samba,"De terno branco, seu punhal de aço puro, o seu ponto é seguro quando vem pra trabalhar
Segura o Nego que esse Nego é Zé Pelintra, na descida do morro ele vem trabalhar"
Malandro,Zé Pelintra,Samba,"Tava jogando sinuca, uma nega maluca me apareceu,
Trazia um menino no colo e dizia, toma que o filho é seu (2x)
Se esse filho fosse meu, eu mandava batizar
Me casava com a Navalha e mandava ela criar (2x)"
Malandro,Zé Pelintra,Nago,"Estava sentado numa mesa da Jurema, afirmei meu ponto e balancei o maracá (2x)
E eu saudei foi a Jurema Preta, seu José Pelintra dê um tombo e venha cá (2x)"
Malandro,Malandro,Samba,"Malandro te digo meu irmão, que essa nega mexeu com meu coração
Eu hoje vou subir lá na favela, vou dizer para o pai dela que me apaixonei por ela
Malandro eu posso até correr perigo mas se eu descer do morro, essa nega desce comigo"
Malandro,Zé Pelintra,Samba,"Ô Zé, quando vem de Alagoas, toma cuidado com o balanço da canoa (2x)
Ô Zé, faça tudo que quiser, só não maltrate o coração dessa mulher (2x)"
Malandro,Zé Pelintra,Samba,"Joguei meu limão na água, de pesado foi ao fundo
Tirei carta de malandro profissão de vagabundo (2x)
De manhã quando eu desço a ladeira a nega pensa que eu vou trabalhar (2x)
Eu boto meu baralho no bolso meu cachecol no pescoço e vou pra barão de Mauá (2x)
Trabalhar, trabalhar pra que? Se eu trabalhar eu vou morrer"
Malandro,Zé Pelintra,Samba,"Zé Pelintra, Zé Pelintra nego do chapéu de lado 
Na direita ele é maneiro, na esquerda ele é pesado (2x)
Amigo meu camarada, não ponha a mão em cumbuca
Quem mexer com Zé Pelintra, vai ficar lelé da cuca (2x)"
Malandro,Zé Pelintra,Samba,"Boa noite, pra quem é de boa noite, bom dia, pra quem é de bom dia (2x)
A bênção, meu pai a bênção, seu Zé Pelintra é o rei da boemia (2x)"
Malandro,Zé Pelintra,Samba,"Mulher, mulher, não tenha medo do seu marido (2x)
Se ele é bom na faca, Eu sou no facão
Se ele é bom na reza, Eu na oração
Se ele diz que sim, Eu digo que não
Eu sou Zé Pelintra, E ele é Lampião"
Malandro,Zé Pelintra,Samba,"Oi Zé, oi zé, mas que Zé enganador (2x)
Enganou moça bonita com palavras de amor
Não foi eu que enganei ela, ela mesmo se enganou"
Malandro,Zé Pelintra,Samba,"É Seu Zé que tá chegando, Zé Pelintra aqui chegou
Eita Zé que é arretado, Oxalá quem te mandou

Pai Ogum é seu amigo, pela esquerda ele andou
Bebeu cachaça com Exu, com Pomba Gira ele dançou

É Seu Zé que tá chegando, Zé Pelintra aqui chegou
Eita Zé que é arretado, Oxalá quem te mandou

Ele quebra a demanda, catimbó despedaçou
Eita seu Zé que é mulherengo, ""Zé Pelintra"". é do amor"
Preto Velho,Preto Velho,Samba,"Preto velho senta no toco faz o sinal da cruz pede proteção a Zambi para os filhos de Jesus 
Cada conta do seu rosário é um filho que ali está 
Se não fosse os pretos velhos não sabia caminhar"
Preto Velho,Preto Velho,Samba,"Vovó não quer casca de coco no terreiro (2x)
Pra não lembrar dos tempos do cativeiro (2x)"
Preto Velho,Preto Velho,Nago,"Pai Joaquim, cadê pai Mané? Pai Mané foi na mata apanhar guiné (2x)
Diga a ele que quando vier que suba a escada e não bata o pé! (2x)
Pai Joaquim ee, pai Joaquim ea… pai Joaquim veio de Angola..."
Preto Velho,Mãe Maria de Minas,Samba,"Salve Mãe Maria de Minas Mãe Maria de Minas Gerais (2x)
Preta velha rezadeira qualquer nó ela desfaz 
Preta velha mirongueira é a razão da minha paz (2x)
Da sua urucaia ela traz um cachimbo que vence demanda,
Sete pembas, rosas brancas, um rosário de guiné,
No cruzeiro abençoado trabalha pra quem tem fé (2x)"
Preto Velho,Preto Velho,Congo,"Preto velho quando tem luz ele entra em qualquer lugar (2x)
Pede licença a Zambi no terreiro, saravá coroa, vamos trabalhar (2x)"
Preto Velho,Preto Velho,Samba,"No tempo do cativeiro pai João era feitor (2x)
Todo mundo apanhava, ai que dó só pai João não apanhou (2x)"
Preto Velho,Preto Velho,Samba,"Keguele, Keguele Xangô ele é filho da cobra Coral (2x)
Olha o preto, tá trabalhando / Olha o branco, tá só olhando (2x)"
Preto Velho,Maria Redonda,Nago,"Fio, se suncê precisar é só pensar na vovó que ela vem te ajudar (2x)
Pensa numa estrada longa zifiu, lá no seu jacutá
E numa casinha branca, zifiu que a vovó tá lá
Sentada num banquinho tosco, zifiu com sua rosário na mão
Pensa na Vovó Maria Redonda fazendo Oração (2x)"
Preto Velho,Vovó Catarina,Nago,"Saráva pra Vovó Catarina que é dona da gira do meu terreiro
Saravá pra Vovó Catarina e pra todas as almas do cativeiro"
Preto Velho,Preta Velha,Nago,"Vovó tem 7 saias, na última saia tem mironga
Vovó veio de angola pra rezar filho de umbanda
Com seu patuá e a figa de guiné
Vovó veio de angola pra salvar filho de fé"
Preto Velho,Pai Benedito,Ijexa,"Pai benedito é preto, ô sinhá dona ele mora no roseiral (2x)
Ele é preto e tem coroa, sinhá dona ele é chefe de Congá (2x)"
Preto Velho,Preto Velho,Nago,"Preto velho nunca foi à cidade, ô sinhá fala na língua de Zambi, ô sinhá (2x)
Eeee ô sinhá, fala na língua de Zambi (2x)"
Preto Velho,Preto Velho,Nago,"Lá vem vovó descendo a ladeira com sua sacola
Com o seu patuá e figa de guiné ela vem de Angola (2x)
Eu quero ver vovó, eu quero ver, eu quero ver se filho de Umbanda tem querer (2x)"
Preto Velho,Nega Cambinda,Samba,"Nega Cambinda que fala nagô
Nega da Costa Rica, filha de babalaô"
Preto Velho,Preto Velho,Barravento,"A fumaça do cachimbo do preto, sobe no alto só não vê quem não quer (2x)
Sobe no alto só não vê quem não quer, a mironga do preto tá no pé"
Preto Velho,Preto Velho,Samba,"Vovô cochila, seu cachimbo cai no chão (2x)
É no sopro da fumaça que seus inimigos vão"
Preto Velho,Preto Velho,Samba,"Alele meu deus do céu, que alegria, os pretos velhos não carregam a soberbia
Meu Deus do céu, isso é tudo que eu queria, a estrela dalva ao romper do meio dia (2x)
Alele meu deus do céu, que alegria, os pretos velhos não carregam a soberbia
Eu vou plantar pé de guiné nesse terreiro, para mostrar como se quebra feiticeiro (2x)"
Preto Velho,Subida,Samba,"Eu vou embora minha terra é muito longe, mas mesmo assim vou caminhando devagar (2x)
O meu cruzeiro é um cruzeiro de penitência, mas Jesus Cristo de ajuda a carregar"
Caboclo,Sete Pedreiras,Samba,"Por detrás daquela serra, tem uma linda cachoeira (2x)
É de meu Pai Xangô, é de Xangô Sete Pedreiras (2x)"
Caboclo,Cobra Coral,Congo,"Em cima da pedra eu vi galo cantar, debaixo da pedra, tem cobra coral (2x)
Eu sou da mata, da mata eu sou, eu sou da mata e faço linha com Xangô (2x)"
Caboclo,Sultão da Mata,Congo,"Se ele é Sultão, amigo leal, sem Sultão da Mata não se pode trabalhar
Subi a ladeira, não pude descer, chamei por Santa Bárbara /Ó minha mãe vem me valer"
Caboclo,Pena Verde,Samba,"Caboclo Pena Verde é da umbanda, seu ponto, ele vem afirmar (2x)
Se ele é caboclo, ele é flecheiro, ele é guerreiro, no terreiro ele saúda a Jurema (2x)"
Caboclo,Caboclo,Congo,"Ele atirou, ele atirou e ninguém viu (2x)

Só seu Flecheiro é que sabe, aonde a flecha caiu (2x)
Ele atirou…"
Caboclo,Sete Flechas,Samba,"Foi numa tarde serena, lá nas matas da Jurema, que eu vi o caboclo bradar (2x)
Quiô, quiô, quiô, quiô, quiera
Sua mata está em festa, saravá seu seu sete flecha
Que ele é rei da floresta (2x)"
Caboclo,Sete Flechas,Nago,"Curimbembê, Curimbembá, sete Flechas um grande orixá (2x)
Com sete dias de nascido, a Jurema o encontrou
Deitado na folha seca, o caboclo ela criou
Curimbembê, Curimbembá, Sete Flechas um grande orixá (2x)
Nasceu na mata de Oxóssi, na aldeia de Juremá
O caboclo Sete Flechas, iluminado por Oxalá
Curimbembê, Curimbembá, sete Flechas um grande orixá (2x)"
Caboclo,Tupinamba,Samba,"Estava na beira do rio sem poder atravessar
Eu chamei pelo caboclo, caboclo Tupinambá (2x)
Tupinambá chamei, chamei tornei chamar eaahhh (2x)"
Caboclo,Pena Roxa,Congo,"Seu pena roxa 
Seus filho estão lhe chamando
Estão lhe chamando para trabalhar
Seu pena Roxa ele é chefe de aldeia
Seu pena Roxa é caboclo do Jurema
Seu pena Roxa vem aqui para me ajudar"
Caboclo,Caboclo,Congo,"Chefe dos indios, chama os indios pra aldeia (2x)
Na aldeia Caboclo, na aldeia"
Caboclo,Caboclo,Samba,"Caçador na beira do caminho, ô não me mate essa coral na estrada
Se ela abandonou sua choupana caçador foi no romper da madrugada (2x)"
Caboclo,Caboclo,Nago,"Vestimenta de caboclo é samambaia, é samambaia, é samambaia (2x)
Saia caboclo, não se atrapalha, saia do meio da samambaia (2x)"
Caboclo,Caboclo,Nago,"Caboclo Roxo da pele morena, ele Oxóssi caçador lá na Jurema (2x)
Ele jurou, ele jurara, para ouvir os conselhos que a Jurema possa dar (2x)"
Caboclo,Chegada,Congo,"Oxalá chamou e já mandou buscar, os caboclos da Jurema pro seu Juremá (2x)
Pai Oxalá, é rei do mundo inteiro e já deu ordens pra Jurema chamar seus falangeiros (2x)
Mandai, Mandai, minha cabocla Jurema, os seus guerreiros essa é a ordem suprema (2x)"
Caboclo,Caboclo,Samba,"Caboclo não tem caminho para caminhar (2x)
Caminha por cima da folha, por baixo da folha, em qualquer lugar (2x)"
Caboclo,Caboclo,Barravento,"Portão da Aldeia abriu, para Caboclo passar (2x)
É hora, é hora, é hora caboclo, é hora de trabalhar (2x)"
Caboclo,Jurema,Congo,"Dentro da mata virgem, uma linda cabocla eu vi (2x)
Com seu saiote feito de penas, era a Jurema, filha de tupi (2x)
Jurema, Jurema, Jurema, linda cabocla filha de tupi (2x)
Ela vem lá do Juremá,vem firmar seu ponto neste Congá (2x)"
Caboclo,Caboclo,Nago,"Se a coral é sua cinta, e a jibóia sua laça (2x)
Quizoa, quizoa, quizoa ê, caboclo mora nas matas (2x)"
Caboclo,Pena Branca,Congo,"Saravá seu Pena Branca, saravá seu apache
Traz flecha e seu bodoque, pra defender filhos de fé 
Ele vem de Aruanda, trabalhar neste casuá
Saravá Seu Pena Branca, um guerreiro de Oxalá

Sua flecha vai certeira, vai pegar no feiticeiro
Que fez juras e mandingas, para o filho do terreiro
Pega o arco, atira a flecha, que esse bicho é corredor
Mas deve ser castigo, ele é merecedor"
Caboclo,Pena Branca,Congo,"Um grito na mata ecoou, foi seu Pena Branca que chegou (2x)
Com sua Flecha, com seu Cocar, seu Pena Branca vem nos ajudar (2x)"
Caboclo,Ubirajara,Samba,"Seu Ubirajara, quando vem da aldeia, ele traz nas mãos uma cobra coral (2x)
É uma cobra coral, é uma cobra coral (2x)"
Caboclo,Treme Terra,Congo,"Ele chegou no meu terreiro e deu o seu brado de guerra  (2x)
O chão estremeceu , quando chegou seu Treme Terra  (2x)
Firma a Curimba Ogã e cante com muito amor  (2x)
Bate o tambor nessa aldeia Seu Treme Terra chegou  (2x)"
Marinheiro,Marinheiro,Samba,"Seu marinheiro veio de navio veio da bahia atender o meu chamado (2x)
O galo canta e o dia clareia, e a marujada vem sambar na areia (2x)"
Marinheiro,Marinheiro,Congo,"Seu Marinheiro é hora, é hora de vir trabalhar (2x)
É céu, é mar, é terra, oh marinheiro no balanço do mar (2x)"
Marinheiro,Subida,Congo,"Seu marinheiro é hora, é hora do seu barco navegar (2x)
O seu navio já está no porto, o comandante mandou te chamar (2x)"
Marinheiro,Subida,Samba,"Minha jangada vai sair pro mar, vou trabalhar meu bem querer
Se Deus quiser quando eu voltar do mar, um peixe bom eu vou trazer
Meus companheiros também vão voltar e a Deus do céu vamos agradecer (2x)"
Marinheiro,Martin Pescador,Samba,"Seu Martim Pescador que banda é a sua bebendo cachaça caindo na rua (2x)
Eu bebo eu bebo, eu bebo muito bem
Pago com meu dinheiro não é da conta de ninguém (2x)"
Marinheiro,Marinheiro,Barravento,"Eu não sou daqui... Marinheiro só
Eu não tenho amor... Marinheiro só
Eu sou da Bahia... Marinheiro só
E de São Salvador... Marinheiro só
O marinheiro, marinheiro… Marinheiro só 
Quem te ensinou a navegar?... Marinheiro só
Foi o tombo do navio… Marinheiro só
O foi o balanço do mar… Marinheiro só
Lá vem, lá vem… Marinheiro só 
Ele vem faceiro… Marinheiro só
Todo de branco… Marinheiro só
Com seu bonézinho… Marinheiro só (2x)"
Marinheiro,Marinheiro,Congo,"Vem marinheiro, dá licença de passar 
Meu navio entrou no porto, ele vem do alto-mar
Já cruzei a hora grande, mar revolto enfrentei 
Vou chamar pela pesqueira quero ver se ela vem
Quando eu pisar em terra, vou falar com minha velha
Meu navio foi no balanço e no balanço ele vem"
Marinheiro,Marinheiro,Nago,"Quem me ensinou a nadar, foi os peixinhos do mar
Foi, foi, foi marinheiro… foi minha mãe Iemanjá"
Baiano,Baiano,Nago,"Quando eu cheguei da Bahia, estrada eu não via (2x)
Em cada encruza que eu passava, uma vela eu acendia (2x)"
Baiano,Baiano,Samba,"Quando eu vim da Bahia, eu vim só, deixei pai, deixei mãe, deixei vó (2x)
Só, Só, Só, deixei pai, deixei mãe, deixei vó (2x)"
Baiano,Baiano,Congo,"Bahia, oh África, vem cá, vem nos ajudar (2x)
Força bahiana, força africana
Força Divina, vem cá, vem cá (2x)"
Baiano,Baiana,Samba,"Ê baiana, êêê baiana baianinha (2x)
Baiana boa, gosta de samba, entra na roda e diz que é bamba (2x)
Toca a viola que ela quer sambar, ela gosta de samba ela quer rebolar (2x)"
Baiano,Baiana,Samba,"Baiana faz e não manda, não tem medo de demanda (2x)
Baiana feiticeira da linha de Nagô, trabalha com pó de pemba pra ajudar Babalaô
Baiana sim, Baiana vem Quebra a mandinga com dendê (2x)"
Caboclo,Rompe Mato,Samba,"Seu rompe mato vem descendo serra
Seu rompe mato vem beirando o mar
Seu rompe mato com seu capacete de Aruanda
Pisa na Umbanda Aue 
Pisa na Umbanda Aue seu Rompe mato

Na beira do mato tem mironga 
Na beira do mato tem dendê
Na beira do mato tem despacho

Na beira do mato tem despacho
Que fizeram para você
No meio do misticismo
Você precisa aprender
Para falar com seu Rompe mato
Que ele vai te defender"
Baiano,Maria Bonita,Samba,"Eu vi uma saia rendada rodando no vento
Baiana chegou arretada escutou meu lamento 
Quebrou o coco, venceu demanda
Maria bonita que vem toda prosa na gira de umbanda"
Baiano,Baiana,Samba,"Olê mulher rendeira, olê mulher rendá (2x)
Tu me ensina a fazer renda que eu te ensino a namorar (2x)"
Baiano,Baiano,Nago,"Baiano é um povo bom, é povo trabalhador (2x)
Quem mexe com baiano, mexe com Nosso Senhor (2x)"
Baiano,Baiano,Samba,"Baiano quebra côco, quebra de qualquer maneira (2x)
Baiano no terreiro não aceita brincadeira (2x)
Baiano quebra porque conhece, baiano dá castigo pra quem merece (2x)"
Baiano,Baiano,Barravento,"Baiano bom, Baiano bom, Baiano bom é o que sabe trabalhar (2x)
Baiano bom é o que sobe no coqueiro, tira o coco, bebe a água e deixa o coco no lugar (2x)"
Baiano,Baiana,Barravento,"Baiana da saia rendada seu tabuleiro tem axé
A baiana tá requebrando como dança no candomblé (2x)
É na macumba aê, é na macumba á… Tambor ôôô ôôô ôôô (2x)"
Baiano,Baiano,Barravento,"Vamos baianada dançar no catimbó, amarrar os inimigos na pontinha do cipó (2x)
Amarrei, amarrei, amarrei e dei um nó, amarrei meus inimigos na pontinha do cipó (2x)"
Baiano,Corisco,Congo,"Samba gente até o sol raiar
Mataram Corisco é balearam Dadá (2x)
Mataram Corisco num dia de sexta feira
Mataram ele a caminho da feira (2x)
Se entrega Corisco eu não me entrego não
Só me entrego a bala, não irei pra prisão (2x)"
Baiano,Baiano,Barravento,"Eu trago a minha roupa num baú
Eu trago a minha faca e meu punhal (2x)
Se nego atira, eu me abaixo e bala passa 
No cachimbo da fumaça eu pego é nego no punhal (2x)"
Baiano,Demanda,Congo,"Se ele é baiano
Agora que eu quero ver
Dançar catira
No azeite de dendê
Eu quero ver
A baianada de Aruanda
Trabalhando na Umbanda
Pra demanda não vencer
Afirma ponto 
Baiano eu quero ver
Dançar catira
No azeite de dendê
Eu quero ver
A baianada de Aruanda
Trabalhando na Umbanda
Pra demanda não vencer"
Boiadeiro,Boiadeiro,Barravento,"Eu vi um boi bravo, no meio da estrada (2x)
Chamei seu boiadeiro, pra fazer a laçada (2x)"
Boiadeiro,Boiadeiro,Congo,"Seu boiadeiro, por aqui choveu (2x)
Choveu, água rolou, foi tanta água que meu boi nadou (2x)"
Boiadeiro,Boiadeiro,Congo,"Sua boiada é de 31, eu contei 30 e tá faltando 1 (2x)"
Boiadeiro,Boiadeiro,Barravento,"Nas tranças de seu cabelo, eu bebi água de gravatá (2x)
Eu bebi água de gravatá, seu boiadeiro, eu bebi água de gravatá (2x)"
Boiadeiro,Boiadeiro,Barravento,"Eu tenho meu chapéu de couro, eu tenho a minha guiada (2x)
Eu tenho meu lenço vermelho, para tocar minha vaquejada (2x)"
Boiadeiro,Maria da Mina do Ouro,Samba,"Do meu laço boi não foge, sou Rainha do Sertão
Tenho meu Chapéu de couro, meu berrante meu gibão
Em cima do meu cavalo, já corri todo esse chão
Já guiei muita boiada, sem jamais perder a mão
Nestas terras tão bonitas, fui guardando meu tesouro
Uns me chamam de Vaqueira, meu nome é Maria da Mina do Ouro"
Boiadeiro,Boiadeiro,Samba,"Oh, Deus salve o oratório (2x)
Onde Deus fez a morada, oiá, meu Deus… onde Deus fez a morada, oiá
Onde mora o cálice bento (2x)
E a hóstia consagrada, oiá, meu Deus, e a hóstia consagrada, oiá
De Jessé nasceu a vara (2x)
Da vara nasceu a flor, oiá, meu Deus… da vara nasceu a flor, oiá
E da flor nasceu Maria (2x)
De Maria o Salvador, oiá, meu Deus… de Maria o Salvador, oiá"
Boiadeiro,Boiadeiro,Samba,"Mais um adeus, aleluia adeus (2x)
Vou pra Aruanda, quem vai embora sou eu (2x)
Eu já vou, já vou, eu já vou pra lá, se meu pai me chama, eu não posso demorar (2x)"
Boiadeiro,Boiadeiro,Samba,"A menina do sobrado mandou me chamar pelo seu criado
Eu mandei dizer a ela, que estou vaquejando o meu gado 
Sou eu boiadeiro, que gosta de um samba arrochado (2x)
A menina do sobrado não penteia mais cabelo
Passa o dia na janela olhando pro boiadeiro 
Sou eu boiadeiro, que gosta de um samba arrochado (2x)"
Boiadeiro,Boiadeiro,Congo,"Pedrinha, miudinha, pedrinha de Aruanda ê, lajedo tão grande, tão grande de Aruanda ê 
É de pedrinha miúda, é de pedrinha graúda, é de pedrinha miúda, é de pedrinha graúda"
Boiadeiro,Boiadeiro,Congo,"Ô Boa noite, meus senhores, boa noite meus senhores
Dá licença parados cavaleiros, ô dá licença para os cavaleiros
Eu moro em Mata Cerrada, moro em Mata Cerrada, o meu nome é caboclo vaqueiro"
Boiadeiro,Boiadeiro,Congo,"Bóia boiadeiro, boiadeiro bóia (2x)
Se eu contar a minha vida boiadeiro chora (2x)"
Boiadeiro,Boiadeiro,Barravento,"Boiadeiro menino querido de Deus, boiadeiro menino querido de Deus  (2x)
Longe das sua terra, bem perto dos seus, longe da sua casa bem perto dos seus  (2x)"
Boiadeiro,Boiadeiro,Barravento,"Fala couro, fala mineiro, fala couro na gira de boiadeiro  (2x)
Pisei na porta da mina, pedi licença ao mineiro
A alegria dos meus olhos é ver seu Pedro boiadeiro  (2x)"
Boiadeiro,Boiadeiro,Barravento,"Oh lá no mato tem um boiadeiro (2x)
Ele é bonito e formoso como um raio de sol  (2x)
Oh lá no mato tem um boiadeiro (2x)
Ele é bonito e formoso como um raio de sol  (2x)"
Eres,Eres,Nago,"Papai manda um balão, com todas as crianças que estão lá no céu (2x)
Tem doce papai, tem doce papai, tem doce lá no jardim (2x)"
Eres,Eres,Congo,"Eu quero doce, Eu quero bala, eu quero açúcar pra passar na sua cara (2x)"
Eres,Eres,Samba,"Que lindo cavalo branco, que aquele menino vem montado
Descendo aquela serra, dizendo que é filho de um soldado (2x)
É Damião, é Damião, é Damião num lindo cavalo de ogum (2x)"
Eres,Eres,Nago,"Bahia é terra de dois, é terra de dois irmãos
Governador da Bahia, é São Cosme São Damião"
Eres,Eres,Nago,"Fui no jardim colher as rosas e a vovozinha deu-me a rosa mais formosa (2x)
Cosme Damião oh Doum, Crispim e Crispiniano, são os filhos de Ogum"
Eres,Eres,Nago,"Cosme e Damião, sua Santa já chegou
Ela vem do fundo do mar, Santa Bárbara quem mandou
Dois dois sereia do mar, dois, dois, dois, dois, minha mãe Iemanjá"
Eres,Eres,Congo,"Criança quando vem de aruanda, Iansã quem manda (2x)
Eles vem brincando, auê auê, no romper da aurora (2x)
Isquindin, isquindi, a criança faz assim (2x)"
Eres,Eres,Nago,"Lá no céu tem 3 estrelas, todas 3 em carreirinha (2x)
Uma é Cosme e Damião, a outra é Mariazinha (2x)"
Eres,Eres,Nago,"Cosme e Damião, Damião cadê Doum? Doum tá passeando no cavalo de Ogum (2x)
Dois, dois sereia do mar, dois, dois, dois, dois, minha mãe Iemanjá (2x)"
Eres,Subida,Nago,"Andorinha que voa voa andorinha, leva as crianças pro céu andorinha
Voa, voa, voa andorinha, leva os anjinhos pro céu andorinha"
Eres,Subida,Nago,"A sineta do céu bateu, Oxalá já disse é hora
A sineta do céu bateu, Oxalá já disse é hora 
Eu vou, eu vou, eu vou ficar com Deus e nossa senhora"
Eres,Eres,Samba,"Menininho D’Angola como brinca
Vem brincar
Menininho D’Angola como brinca
Vem brincar

Ele brinca de pique
Ele brinca de pipa
Vem brincar
Ele brinca de pique
Ele brinca de pipa
Vem brincar

Menininho D’Angola como brinca
Vem brincar
Menininho D’Angola como brinca
Vem brincar

Ele brinca de bola
Ele brinca de roda
Vem brincar
Ele brinca de bola
Ele brinca de roda
Vem brincar"
Eres,Eres,Congo,"É festa na rua
E no coração
Criança correndo
Com bala na mão (2x)

Pede a sua graça
Com devoção
É festa de Cosme
E São Damião (2x)"
Eres,Eres,Nago,"Na Bahia tem um coco
Coco que faz a cocada (2x)

Coco que faz o manjar
Para dar para Ibeijada (2x)

Doum, Doum, Doum
Doum, Cosme e Damião (2x)

Doum, Doum, Doum
Brinca sentado no chão (2x)"
Eres,Eres,Samba,"Cai, cai, sereno
Ai meu divino
Me leva agora
Para brincar com os meninos (2x)

Vou pedir licença à Zambi
E ao sagrado coração
Vamos todos bater palmas
Para São Cosme e Damião (2x)"
Eres,Eres,Congo,"Iemanjá cadê Ogum
Foi com Oxóssi ao rio de Jordão
Foram saudar São João Batista
E batizar Cosme e Damião"
Eres,Eres,Nago,"Doum, Doum
Vai buscar os seus maninhos
Doum, Doum
Vem brincando no caminho
Doum, Doum
Vem buscar os seus docinhos
Doum, Doum
Toma benção ao padrinho"
Eres,Eres,Samba,"Eu vi Mariazinha na beira d’água
Comendo arroz
Bebendo água"
Eres,Eres,Samba,"Vamos lá buscar criança
Com a ordem do vovô
Vamos lá buscar criança
Oxalá foi quem mandou"
Eres,Subida,Nago,"Ibeijada já vai embora
Aruanda está lhe chamando (2x)

E vão pra um jardim lá no céu
Oxalá está lhe esperando (2x)

Ibeijada já foi embora
Aruanda estava chamando (2x)

E foram pra um jardim no céu
Oxalá estava esperando (2x)"
Caboclo,Caboclo,Samba,"Caçador na beira do caminho
Oi não me mate esta coral na estrada
Se ela abandonou sua choupana, caçador
Foi no romper da madrugada"
Caboclo,Caboclo,Nago,"Vestimenta de caboclo é samambaia, é samambaia, samambaia (2x)

Venha caboclo, não se atrapalha
Saia do meio da samambaia (2x)"
Caboclo,Rompe Mato,Nago,"No meio da mata eu vi 
Dois nomes gravados num toco de pau 
De uma lado o Seu Rompe Mato 
No outro o Seu Cobra Coral
No meio na mata virgen eu vi
A dois caboclos falando a língua Tupi Guarani"
Caboclo,Subida,Congo,"Caboclo pega a sua flecha
Pega o seu bodoque
O galo já cantou

O galo já cantou na Aruanda
Oxalá, lhe chama
Vai pra sua banda"
Cigano,Cigana,Samba,"Ganhei uma barraca velha, foi cigana quem me deu (2x)
O que é meu é da cigana, o que é dela não é meu (2x)
Ciganinha do puerê, puerê, puerá (2x)"
Cigano,Cigana,Congo,"Uma cigana leu a minha mão, contou a minha vida, sem eu dizer nada (2x)
Eu perguntei qual era o nome dela, ela me respondeu, sou a cigana da estrada (2x)"
Cigano,Cigana,Barravento,"Ciganinha ciganinha, da sandália de pau (2x)
Ela só faz o bem, ela não faz o mal (2x)"
Cigano,Cigana,Samba,"Ô Ciganinha eu preciso de você (2x)
Vamos fazer um jogo, jogo de amarelinha 
Se eu perder você me ganha se eu ganhar você é minha (2x)"
Cigano,Cigana,Nago,"A cigana leu o meu destino, eu sonhei
Bola de cristal, jogo de búzios, cartomante
Eu sempre perguntei:
O que será o amanhã?
Como vai ser o meu destino?
Já desfolhei o mal-me-quer
Primeiro amor de um menino
E vai chegando o amanhecer
Leio a mensagem zodiacal
E o realejo diz:
Que eu serei feliz, sempre feliz
Como será amanhã
Responda quem puder
O que irá me acontecer
O meu destino será como Deus quiser (2x)"
Cigano,Cigana,Samba,"Bem que eu te avisei, que você não jogasse essa cartada comigo (2x)
Você parou no valete e eu parei na dama, amigo, você não se engana
Vamos saravá, essa linda cigana (2x)"
Cigano,Cigana,Samba,"Cigano não tem destino, ciganos não tem morada (2x)
Moradia de cigano, é na beira da estrada (2x)"
Cigano,Cigana,Samba,"Ô abre a roda, deixa a Ciganinha trabalhar
Ela tem peito de aço, ela tem peito de aço e coração se sabiá (2x)"
Cigano,Cigana,Congo,"Cigana, Cigana, que mora na beira do caminho (2x)
Vou ler a sua sorte, eu vou dizer o seu destino
É uma cigana bela, da cidade do Egito (2x)"
Cigano,Cigana,Samba,"Vinha caminhando a pé, para ver se encontrava uma cigana de fé (2x)
Ela parou e leu minha mão, disse-me toda verdade
Eu só queria saber aonde mora, a minha linda cigana"
Cigano,Cigana,Nago,"Eu mandei fazer uma baralho de ouro para a cigana jogar (2x)
Embaralha auê, embaralha auá, Deixa a cigana trabalhar (2x)"
Cigano,Cigana,Congo,"Essa magia é de saragoça, veio da terra da espanha
Lá vem o povo cigano, santa bárbara te acompanha
Palmas ao vento, vamos cantar, para o cigano bailar"
Defumação,Defumação,Nago,"Nossa Senhora incensou a Jesus Cristo, Jesus Cristo incensou aos filhos seus
Eu incenso, eu incenso esta casa na fé em Oxóssi, Ogum e Oxalá 
Vou incensando, vou defumando, a casa do Bom Jesus da Lapa (2x)
Estou incensando, estou me defumando (2x)
Com a coroa de são Bom Jesus da lapa (2x)
Incensa, incensa, incensador, salve a coroa de meu pai Xangô (2x)"
Defumação,Defumação,Nago,"Corre gira pai Ogum, filho quer se defumar, umbanda tem fundamento é preciso preparar 
Com incenso, beijou, alecrim e alfazema, defuma filhos de fé com as ervas da Jurema (2x)"
Defumação,Defumação,Nago,"Meu pai Oxóssi, peço licença pra defumar (2x)
Eu defumo, eu defumo essa aldeia real
"
Defumação,Defumação,Nago,"Defuma com as ervas da Jurema, defuma com arruda e guiné 
Benjoim, alecrim e alfazema, vamos defumar filhos de fé (2x)"
Defumação,Defumação,Nago,"Cheirou as matas virgens cheirou, cheirou seu juremá (2x)
Mas como cheira nossa Umbanda de aruanda
Cheirou guiné, mas como cheira nossa Umbanda de aruanda (2x)"
Oxalá,Oxalá,Nago,"Pombinho branco mensageiro de Oxalá (2x)
Leva esta mensagem de todo coração até Jesus
Diga que somos soldados de Aruanda 
Trabalhamos na Umbanda, carregando a nossa cruz"
Oxalá,Oxalá,Nago,"Oxalá sim sim, ele é dono do alá (2x)
Ele é dono do alá, ele é dono do alá (2x)"
Oxalá,Oxalá,Nago,"Abre a porta gente, que aí vem Jesus
Ele vem cansado, com o peso da cruz (2x)
Vem de porta em porta, vem de rua em rua
Pra salvar as almas, sem culpar nenhuma (2x)"
Ogum,Sete Ondas,Samba,"Pisa na linha de Umbanda que eu quero ver (2x)
Pisa na linha de Umbanda que eu quero ver Ogum Iara, Ogum Megê (2x)"
Ogum,Beira-mar,Samba,"Se a sua espada brilha no raiar do dia, Seu Beira mar é filho da Virgem Maria (2x)
Beira mar vem beirando a areia, seu Beira mar é filho da mamãe sereia (2x)"
Ogum,Ogum,Samba,"Por entre matas, por entre mares e terras, eu entendi o que meu pai quis dizer (2x)
Ogum não devia beber, Ogum não devia fumar,
Mais a fumaça são as nuvens que passam, e a espuma as ondas do mar (2x)"
Ogum,Mege,Congo,"Ogum em seu cavalo corre, e a sua espada reluz 
Ogum, Ogum Megê sua bandeira cobre os filhos de Jesus (2x)"
Ogum,Sete Ondas,Samba,"Estava na beira da praia, quando vi Sete Ondas passar (2x)
Abre a porta gente que aí vem Ogum com seu cavalo marinho ele vem saravar (2x)"
Ogum,Matinata,Samba,"Mandei fazer um capacete de penas para usar antes da alvorada (2x)
Vermelho e branco, verde e azul, esse capacete tem, as cores de Ogum (2x)
De Ogum Naruê, de Ogum Matinata
Quando uso o capacete, eu ouço o toque da Alvorada (2x)"
Ogum,Xoroquê,Congo,"Ô Ogum,  Ogunhê, iê, iê… Ô Ogum, Ogum Xoroquê
Meu senhor das estradas… Ogunhê
Abra meus caminhos… Ogunhê
Meu senhor da porteira… Ogunhê
Ele é meu pai, Ogum Xoroquê!!!"
Ogum,Matinata,Nago,"Que cavaleiro é aquele que vem cavalgando pelo céu azul
É seu Ogum Matinata, ele é defensor do cruzeiro do sul (2x)
Eee, eea seu canjira, pisa na Umbanda (2x)"
Cigano,Cigano,Congo,"De longe eu vim
Eu cruzei sete pedreiras
Eu passei por cachoeiras
Onde mora aieieu

Lá nas campinas
Onde a lua é prateada
Eu sou cigano da alvorada
Eu sou cigano eu sou mais eu

Com minha viola
Eu sou mais eu
Eu sou cigano
Eu sou mais eu"
Cigano,Cigana,Samba,"oh cirandeiro oh cirandeiro ó
a  pedra do seu anel brilha mais do que o sol (2x)

com seu pandeiro , a rosa vermelha no cabelo
que bonito ver a cigana no terreiro (2x)"
Ogum,Ogum,Samba,"Na lua nova na umbanda ele é ogum
Na lua nova na umbanda ele é ogum

Ogum iê
Zambi ele é ogum
Ogum iê
Zambi ele é ogum"
Ogum,Ogum,Samba,"Mandei Fazer
Um Capacete De Penas
Para Usar
Antes Da Alvorada

Vermelho E Branco
Verde E Azul
Esse Capacete
Tem As Cores De Ogum

De Ogum Megê
De Ogum Matinata
De Ogum Megê
De Ogum Matinata

Quando Uso O Capacete
Ouço O Toque Da Alvorada"
Ogum,Ogum,Samba,"Se Meu Pai É Ogum
Vencedor De Demandas
Ele Vem De Aruanda
Pra Salvar Filhos De Umbanda

Ogum, Ogum Iara
Ogum, Ogum Iara
Salve Os Campos De Batalha
Salve A Sereia Do Mar

Ogum, Ogum Iara
Saravá Ogum, Ogum Iara"
Ogum,Ogum,Nago,"Ogum Me Disse
Que Dançar Nagô É Bom (2x)

Que Dançar Nagô É Bom
Que Dançar Nagô É Bom (2x)"
Ogum,Ogum,Congo,"Nos Campos Do Humaitá
Ogum Guerreou E Venceu (2X)

Ganhou Divisa De General
Foi São José E Maria Quem Deu (2X)"
Ogum,Mege,Samba,"Ogum Megê
Não Me Deixe Sofrer
Não Me Deixe Chorar
Tanto Assim (2X)


Quando Eu Morrer
E Passar Por Aruando
Eu Vou Pedir Pra Pai Ogum
Saravar A Nossa Banda"
Ogum,Subida,Congo,"Selei Selei
Meu Pai Ogum Ja Vai Embora
Seu Cavalo Selei"
Ogum,Ogum,Congo,"Ogum Em Seu Cavalo Corre
E A Sua Espada Reluz

Ogum, Ogum Megê
Sua Bandeira Cobre Os Filhos De Jesus , Ogum Iê"
Ogum,Ogum,Samba,"Ele Venceu A Guerra
Ele Tocou Clarim 
Ele Jurou Justiça
Ele Lutou Por Mim

São Dois Guerreiros
Na Madrugada
Seu Ogum Beira Mar E Seu Ogum Matinata"
Iemanjá,Iemanjá,Samba,"Eu fiz um pedido à mamãe Sereia, a Iemanjá para nunca mais penar
Foi na areia, numa noite na areia branca do mar
A noite escura, no céu clareia 
Iemanjá, minha doce mãe sereia
Foi na areia, uma noite na areia branca do mar"
Iemanjá,Iemanjá,Ijexa,"Iê Iemanjá, iê Iemanjá rainha das ondas, sereia do mar (2x)
Mas como é lindo o canto de Iemanjá, faz até o pescador chorar
Quem escuta a Mãe d'água cantar vai com ela pro fundo do mar (2x)"
Iemanjá,Iemanjá,Ijexa,"Navio negreiro no fundo do mar, correntes pesadas na areia arrastar
A negra escrava se pôs a cantar, saravá nossa Mãe Iemanjá 
Virou a canoa no fundo do mar, mas quem nos salvou foi a mãe Iemanjá"
Iemanjá,Iemanjá,Barravento,"Saia do mar, linda sereia… saia do mar, venha brincar na areia
Saia do mar, sereia bela… saia do mar, venha brincar com ela"
Iemanjá,Iemanjá,Nago,"Eu fui na beira da praia, pra ver o balanço do mar 
Eu vi um retrato na areia, me lembrei da sereia comecei a cantar 
Oh Janaína vem ver, oh Janaína vem cá receber suas flores, que venho lhe ofertar"
Iemanjá,Iemanjá,Congo,"Hoje! Hoje eu vou cantar vou louvar na areia, em lua cheia a mãe Iemanjá (2x)
Rosa do mar, minha estrela do céu azul
Não é historia de pescador, que o meu amor, eu vou lhe entregar
Deixa, deixa as ondas do mar passar, ouça o canto da bela Odoiá
Oxalá quem mandou, um grande amo, do fundo do mar"
Iemanjá,Iemanjá,Nago,"Eram duas ventarolas, duas ventarolas, que ventam no mar (2x)
Uma era Iansã oh eparrey, a outra era Iemanjá Odociá"
Iemanjá,Iemanjá,Congo,"Iemanjá ô, esquindô lele Iemanjá / Iemanjá ô, veio do fundo do mar
É Janaína que vem de tão longe, que vem de tão longe das ondas do mar (2x)"
Iemanjá,Iemanjá,Samba,"Eu Sou Filho De Yabá
Yabá É Minha Mãe (2X)

A Rainha Do Tesouro... 

Odociaba É Do Fundo Mar
Odociaba É Do Fundo Mar (2X)"
Iemanjá,Iemanjá,Congo,"Dona Janaína dos cabelos longos venha me benzer com seu cordão de flores  (2x)
Ô Janaína, rainha d’água, solta os cabelos Janaína e caia na água
Dona Janaína é de nanauê, é de nanauê, é de nanauá  (2x)"
Oxóssi,Oxóssi,Samba,"Oxóssi Na Mata É Rei
Oxóssi Na Mata É
Quem Anda Dentro Da Mata
Sem Deixar Mata De Pé

Caboclo Não Desacata
Caboclo Sabe Quem É
Ele Anda Dentro Da Mata
Sem Deixar Mata De Pé

Oxóssi Na Mata É Rei
Oxóssi Na Mata É
Quem Anda Dentro Da Mata
Sem Deixar Mata De Pé

Ele Tem Flecha E Bodoque
Ele Tem Lança E Cocar
A Mata É O Seu Reino
E Na Mata Reinará"
Oxóssi,Oxóssi,Samba,"Naquela estrada de areia, aonde a lua clareou (2x)
Todos os caboclos pararam para ver a procissão de São Sebastião
Okê, okê caboclo, meu pai caboclo, é São Sebastião (2x)"
Oxóssi,Oxóssi,Nago,"Quem manda na mata é Oxóssi, Oxóssi é caçador (2x)
Ouvi meu pai assobiar, ele mandou chamar(2x)
É de Aruanda auê, é de  Aruanda auá
Se ele é caboclo, ele é flecheiro, é de Aruanda (2x)"
Oxóssi,Oxóssi,Congo,"Sou filho do guerreiro de uma flecha só, sou filho de Oxossi caçador
Como todo bom guerreiro não anda só, tem sempre um irmão merecedor
O Rei das Matas, o meu protetor, o Rei das Matas, o meu protetor
Saravá meu pai Oxossi, sua benção meu senhor… Oke Arô (2x)
Sou filho do guerreiro de uma flecha só, sou filho de Oxossi caçador
Ele é mensageiro do Pai maior, e cumpre sua missão com muito amor
O Rei das Matas, o meu protetor, o Rei das Matas, o meu protetor"
Oxóssi,Oxóssi,Nago,"Eu vi chover, eu vi relampejar mas mesmo assim o céu estava azul
Samborê pemba, folha da Jurema, Oxóssi reina, de norte a sul (2x)"
Oxóssi,Oxóssi,Samba,"Oxossi Plantou Manacá Em Aruanda
Manacá Deu Flor Na Umbanda (2X)

Para Oferecer 
Aos Filhos Dessa Banda"
Oxóssi,Oxóssi,Samba,"Oxóssi assobiou pra passar no humaitá, pra falar com Ogum Megê mensageiro de Oxalá"
Oxóssi,Oxóssi,Congo,"Oxóssi odé 
É são Sabastião 
Ele reina la mata 
É morador 
La do sertão"
Oxóssi,Oxóssi,Congo,"Eu vi a lua eu vi a lua 
Eu vi a lua eu falei com ela 
A lua é linda a lua é bela 
Senhor Oxóssi mora dentro dela"
Oxóssi,Oxóssi,Congo,"Ele atirou
Ele atirou e ninguém viu
Senhor Oxóssi é quem sabe
A onde a flecha caiu"
Oxóssi,Oxóssi,Congo,"Oh ninguém mexe na espada de Ogum 
Oh ninguém mexe na machada de Xangô
Oh ninguém mexe nas flechas de Oxóssi 
Que lá nas matas ele é caçador "
Oxum,Oxum,Ijexa,"Eu vi mamãe Oxum na cachoeira, sentada na beira do rio  (2x)
Colhendo lírios, lírios ê, colhendo lírios, lírios á 
Colhendo lírios pra enfeitar nosso Congá (2x)"
Oxum,Oxum,Congo,"Tava sentado lá no alto das pedreiras, olhando as cachoeiras, as matas e o mar
Iemanjá tava arrumando o seu vestido, Xangô me deu um grito, Oxum vai levantar
Ai iê iê... Oxum vai levantar... (2x)
E lá nas matas Sr. Oxossi assobiou… Ai iê iê Oxum já levantou"
Oxum,Oxum,Ijexa,"Oro mi má… Oro mi maió / Oro mi maió...Yabado oyeyeo
Oro mi má… Oro mi maió / Oro mi maió…Yabado oyeyeo (2x)"
Oxum,Oxum,Ijexa,"Aiê ê, Aiê ê mamãe Oxum
Aiê ê, Aiê ê mamãe Oxumaré"
Oxum,Oxum,Samba,"Mamãe Oxum ela chorou, chorou pai, chorou mãe ela chorou"
Oxum,Oxum,Congo,"Eu Vi A Mamãe Oxum
De Branco Na Cachoeira (2X)

Eu Perguntei
O Que Ela Fazia
Estou Esperando Ogum
Para Jurar Bandeira (2X)"
Oxum,Oxum,Samba,"Foi Na Beira Do Rio, Na Beira Do Rio
Aonde Oxum Chorou (2X)

Chora Aieieu
Olhai Os Filhos Seus (2X)"
Oxum,Oxum,Ijexa,"Eu Vi Mamãe Oxum 
Cantando Na Cachoeira 
Dançando Toda Faceira 
Tão Linda Como Ela Faz

E Quando Ela Canta
Xangô Senta Na Pedreira
Oxossi Lá Na Ribeira
Nem Vento Não Venta Mais

Aie ! Ieo !
Minha Mãe 
Aie ! Ieo !
Mamãe Oxum 
Aie ! Ieo !
Moça Bonita, Demais !

Canta Oxum
Alivia Meu Coração
Me Tira Da Solidão
Me Traz Paz"
Xango,Xango,Congo,"Xangô, meu pai, amarra o inimigo e dá um nó
Xangô, meu pai, amarra na pontinha do cipó
Estão queimando velas, para me derrubar
Eu já fiquei doente meu pai, sem poder andar
Agora estou aqui é pra saudar Xangô
Que mire essa macumba no peito de quem mandou"
Xango,Xango,Samba,"Por detrás daquela serra, tem uma linda cachoeira (2x)
É de meu Pai Xangô, que arrebentou sete pedreiras (2x)"
Xango,Xango,Nago,"Pedra rolou pra Xangô, lá nas pedreiras
Afirma o ponto meu pai, na cachoeira (2x)
Tenho meu corpo fechado, Xangô é meu protetor
Afirma o ponto meu pai, pai de cabeça é Xangô (2x)"
Xango,Xango,Samba,"Sentado, na pedreira de Xangô, ô ô ô ô, eu fiz um juramento até o fim (2x)
Se um dia me faltar, a fé no meu Senhor, que role essas pedreiras sobre mim. (2x)"
Xango,Xango,Samba,"Lá em cima daquela pedreira, tem um livro que é de Xangô 
Kaô, kaô, kaô kabecile"
Xango,Xango,Congo,"Ele bradou na aldeia, bradou na cachoeira em noite de luar
No alto da pedreira vai fazer justiça pra nos ajudar (2x)
Ele bradou na aldeia Kaô, kaô e ele vai bradar Kaô kaô
Ele é Xangô da Pedreira, ele nasceu na cachoeira lá do Juremá (2x)"
Xango,Xango,Samba,"Dizem que xangô mora na pedreira mas não é lá sua morada verdadeira
Xangô mora numa cidade de luz, onde mora Santa Bárbara, Oxumaré e Jesus (2x)"
Xango,Xango,Samba,"Se eu errei, aqui estou
Pedindo maleme meu pai Xangô
Mandai a faísca de um raio pra me iluminar
Segura a pedra na pedreira não deixa rolar
Xangô, Kaô meu pai, seus filhos bambeiam mas não caem"
Xango,Xango,Samba,"Meu pai são joão batista ele é xangô
Senhor do meu destino até o fim (2x)

Se um dia me faltar a fé no meu senhor
Que role essa pedreira sobre mim (2x)"
Xango,Xango,Samba,"Estava olhando uma pedreira
E uma pedra rolou (2x)

Ela veio rolando
Bateu em meus pés
E se fez uma flôr (2x)

Quem foi que disse 
Que eu não sou filho de xangô (2x)
Filho de pai xangô
Ninguém joga no chão (2x)"
Xango,Xango,Samba,"Xangô, meu pai
Deixa essa pedreira aí (2x)

Umbanda está lhe chamando
Deixa essa pedreira aí (2x)"
Xango,Xango,Congo,"Xangô é rei
Ele é rei de nagô

Xangô é rei
Ele é rei de nagô

Batam palmas pra coroa de xangô"
Xango,Xango,Samba,"Oh Gino
Olha a sua banda
Oh Gino
Olha o seu congá (2x)

Aonde o roxinol cantava
É lá onde Xangô morava (2x)

Ele é Gino da Cobra Coral
Ele é Gino da Cobra Coral
Ele é Gino da Cobra Coral
Kaô (2x)"
Xango,Xango,Samba,"Estava dormindo sobre a pedra
Quando a umbanda me chamou
Acorda que já é hora 
E vem ouvir o lindo brado de xangô
Acorda que já é hora 
E vem ouvir o lindo brado de xangô"
Xango,Xango,Samba,"Eu ouvi um bater de uma pedra 
Eu ouvi no alto daquela serra 
Onde vive um bravo homem 
Bravo homem justiceiro e o seu nome é xango
 
Eeeeh meu pai 
nós pedimos por justiça (2X)
Eeeeh meu pai 
que assim seja
nossa prece seja ouvida
 
Kaô kabecilê, Xangô bradou
Com a força de mil raios 
Ele reina em oyó. (2X)"
Iansã,Iansã,Congo,"Olha que o céu clareou, quando o dia raiou, fez o filho pensar
A Mãe do tempo mandou, a nova era chegou, agora vamos cantar
Do humaitá Ogum bradou, senhor Oxóssi atirou, Iansã vai chegar
O ogã já firmou, o abaque afinou, agora vamos cantar
A eparrei ela é Oyá, ela é Oyá, a eparrei é Iansã, é Iansã
A eparrei, quando Iansã vai pra batalha
Todos os cavaleiros param só pra ver ela passar (2x)"
Iansã,Iansã,Barravento,"Ventou, mas que ventania (2x)
Iansã é nossa mãe, Iansã é nossa guia"
Iansã,Iansã,Samba,"Iansã tem um leque que venta, pra abanar nos dias de calor (2x)
Iansã mora nas pedreiras, eu quero ver meu Pai Xangô (2x)"
Iansã,Iansã,Samba,"Chora na macumba Iansã (2x)
Estava na beira da praia Iansã chorou, Chorou, Chorou (2x)"
Iansã,Iansã,Barravento,"A Iansã, ela é dona do mundo, dona do fogo, da faísca e do trovão
Eparrei Iansã de Aruanda, Santa Bárbara com a espada na mão (2x)"
Iansã,Iansã,Congo,"Ô Iansã menina, seu jeito me fascina, é de arrepiar
Ô Iansã guerreira, não há barreiras pra lhe segurar (2x)
Ela chegou bem devagar, observou em cada canto desse mundo e a fez pensar
A luz brilhou, em seu jacutá, e anunciou prepare que a guerreira agora vai reinar

Ô Iansã menina, seu jeito me fascina, é de arrepiar
Ô Iansã guerreira, não há barreiras pra lhe segurar (2x)
O tempo mudou fez o céu brilhar, o sol e a Lua irradiam energia para renovar
Que renasça o amor e fortaleça a fé
Pois Iansã está soprando pelo mundo um vendaval de Axé!
Ô Iansã menina, seu jeito me fascina, é de arrepiar
Ô Iansã guerreira, não há barreiras pra lhe segurar (2x)"
Iansã,Iansã,Barravento,"Foi uma rajada de vento 
Uma rajada de vento que passou 
Foi uma rajada de vento 
Que minha mãe mandou

Ôôôô ôôô oyaaa 
Ôya ôya ôya ôya (2x) "
Iansã,Iansã,Barravento,"Meu Pai que barulho e esse, que vem lá do bambuzal (2x) 

É Iansã de Balê, oi dando o Ilá para guerrear     (2x)

O seu bailar é como ventania, Seu grito e forte como um trovão 
Sarava bela Iansã, e só Egun que fica no chão 
Na mão direita traz sua espada, Na mão esquerda seu Patakoto 
Coroada com seu  Adê, foi Omolu quem te consagrou 

Meu Pai que barulho e esse, que vem lá do bambuzal 

É Iansã de Balê, oi dando o Ilá para guerrear   (2x)

Tem o poder da feitiçaria, Não teme nada, nem a ninguém 
E guerreira e poderosa, Quem leva as almas para o além 
Ela é rainha do meu Ilê, Quem traz a força e nos da axé
Vamos todos cantar juntos para saudar Iansã com fé"
Iansã,Iansã,Barravento,"Ventania, Ventania, Ventarola
Vem com a força de Iansã"
Nanã,Nanã,Congo,"São flores Nanã, são flores, são flores Nanã Buruquê 
São flores Nanã, são flores, para seu filho Obaluaê 
Nossa de Santana, é Nanã Buruquê, mãe de todos Orixás e de seu filho Obaluaê"
Nanã,Nanã,Congo,"É Nana ê, é Nana ê, é Nana ê
É Nana ê, é Nana ê, é Nana
Senhora das águas turvas, Nanã é iabá
Em Orum vive Nanã Buruquê, saluba linda senhora, viva seu poder"
Nanã,Nanã,Ijexa,"Eu olhei pro céu, pedi a Oxalá, que me desse as estrelas para me iluminar
Eu avistei um anjo que veio me guiar, o anjo então me disse o que tinha que saber ê ê ê ê
Sou de Nanã iê ê ê ê ê ê, sou de Nanã iê, Nanã Boruque....."
Nanã,Nanã,Congo,"Nana, Nana
Ela é nanã buruque

A sua saia é roxa
A sua cinta é de sapê"
Nanã,Nanã,Samba,"Se a minha mãe é saluba
Mas ela é o orixa mais antigo do céu 

Nanã , nanã buruquê
Quem é seu filho
Agora que eu quero ver"
Nanã,Nanã,Samba,"Eu vi uma senhora 
lá na beira da lagoa 
De longe já se via 
o brilho da sua coroa

Era nanã buruquê
Lavava o manto do seu filho oxumarê (2x)"
Nanã,Nanã,Ijexa,"Cubra com véu nanã
Cubra com véu nanã
Cubra com véu nanã buruquê

As chagas do seu filho 
só a senhora pode ver (2x)

Ele entrou nas matas
e as matas lhe curou (2x)

Hoje é orixá
e deus abençou"
Nanã,Nanã,Ijexa,"O Nanã
Venha me valer Nanã
Vem me socorrer Nanã (2x)

Na cachoeira tem um poço
Tem um poço de dendê (2x)
Mas esse poço é de Nanã
É de Nanã de Boruque (2x)"
Nanã,Nanã,Nago,"Na coroa de Zambi eu vi Nanã
Aue eu vi Nanã (2x)

Eu vi Nanã 
Eu vi Nanã, aue

É Nanã Boruque
É Nanã Boruque(2x)"
Nanã,Nanã,Samba,"Nanã é uma velha bem velha
Que mora no fundo do mar(2x)

Saluba Nanã, saluba Nanã
Saluba Nanã, que mora no fundo do mar(2x)"
Obaluaê,Obaluaê,Ijexa,"Atotô Baluaê, atotô Baba… Atotô Baluaê atotô é orixá
Meu Pai Oxalá é o Rei, venha me valer (2x)
O velho Omulu... Atotô Baluaê (2x)"
Obaluaê,Obaluaê,Ijexa,"Na pedra fria, no pé do morro, dizem que mora um velho lá (2x)
Ele é curador, ele é rezador, ele é Xapanã, ele vai te curar (2x)"
Obaluaê,Obaluaê,Ijexa,"Se ver um velho no caminho, toma benção (2x)
Deus te abençoe, deus te abençoe, deus te abençoe, Atoto Baluaê (2x)"
Obaluaê,Obaluaê,Congo,"Vim no cruzeiro das almas
para pedir a sua proteção

Que me livre da praga e das doenças
Estou pedindo Atotô de coração

Atotô, Atotô Obaluae
É um orixá que sempre vem me valer"
Obaluaê,Obaluaê,Congo,"Ê palha sagrada 
Traz esperança e muito amor
Dai-me licença meu povo
Obaluaê por aqui chegou

Ele chegou, Ele chegou 
Com os pés no chão 
Obaluaê Senhor"
Obaluaê,Obaluaê,Ijexa,"O velho Omulu vem caminhando devagar (2x)

Apoiado em seu cajado, ele vem na umbanda trabalhar (2x)

Omulu é, dono da terra Atotô Obaluaê"
Obaluaê,Obaluaê,Congo,"Tem palha seca palha seca no ilê
É do meu pai Obaluaê"
Obaluaê,Obaluaê,Congo,"Pipoca e dendê é bom de comer
Abaixo de zambi é Obaluaê"
Bater Cabeça,Babalaô,Nago,"Na mata virgem tamborim tocou, Oxalá mandou saravá babalaô (2x)
Babalaô baba, babalaô, baba, babalaô baba de orixá (2x)"
Bater Cabeça,Babalaô,Nago,"Hoje tem alegria galo branco já cantou, Bate bate cabeça, saravá babalaô (2x)
Saravá baba, saravá baba, sarava baba, sarava babalaô (2x)"
Bater Cabeça,Bater Cabeça,Samba,"Vamos bater a cabeça, em nome de pai Oxalá (2x)
Para saudar o nosso, para saudar a nossa baba (2x)"
Bater Cabeça,Bater Cabeça,Nago,"Vocês que são filhos de Umbanda, vocês que são filhos de fé
Bate a sua cabeça e peça a Deus o que quiser (2x)"
Bater Cabeça,Bater Cabeça,Nago,"Bate cabeça, filhos de Umbanda, pede força a nosso Pai Oxalá.
Bênção, mamãe. Bênção, papai, filhos de Umbanda tem coroa de Oxalá.
Com a mão direita peça uma bênção bate a cabeça, vai saudar seu orixá
Vai, vai, vai aos pés do nosso senhor, vai bater cabeça que Oxalá mandou
É, é, é, é obrigação, bater sua cabeça e pedir a proteção"
Abertura de Gira,Direita,Nago,"Eu abro a nossa gira, com Deus e Nossa Senhora
Eu abro a nossa gira, samborê, pemba de Angola"
Abertura de Gira,Esquerda,Nago,"Ô dá licença Ogum, a linha eu vou virar
Ô dá licença linha branca, na preta vou trabalhar (2x)"
Defumação,Defumação,Congo,"Vamos defumar o terreiro
Vamos defumar babá
Vamos defumar o terreiro
Vamos defumar babá

Defuma filhos de fé
na fé de pai oxalá
Defuma filhos de fé
na fé de pai oxalá"
Defumação,Defumação,Nago,"Se o rei da mata é oxossi
rei da pedreira é xangô (2x)

Foi foi ogum quem mandou
foi foi ogum quem mandou
com as ervas da jurema
eu fazer defumador"
Defumação,Defumação,Nago,"Como cheira a umbanda, cheirou
como cheira a umbanda
a umbanda cheirou

Meu pai oxalá
vem ver os filhos seus
Defuma esses filhos 
na hora de deus"
Marinheiro,Martin Pescador,Congo,"Sei sei sei
sei quem sou eu (2x)

Sou das águas sagradas
de mãe iemanjá
Sou martin pescador
do fundo do mar (2x)"
Marinheiro,Martin Pescador,Barravento,"Meu pai não gosta de mim 
Minha mãe foi quem me criou 
Me pegou pelo pé 
E me jogou na lagoa 
Seu Martim que ele é
Remador de canoa"
Marinheiro,Marinheiro,Barravento,"Minha mãe me deu um lindo barco
Dizia que eu era igual meu pai 
Meu pai se perdeu no mar há sete anos atrás 

Navegando em águas profundas 
Misteriosas do mar azul 
Encontrei uma pequena ilha 
E uma choupana feita de bambu 

Lá eu avistei um velho pescador 
Que há sete anos vivia por lá 
Mera semelhança nele eu encontrei
Era meu pai não podia negar 

Graças a marinha 
Sou marinheiro 
Junto de meu pai 
Sou pescador 
Agradeço a umbanda por ser filho dela 
Iemanjá que o barco guiou"
Marinheiro,Marinheiro,Samba,"Oh remador remador 
Apressa esse barco no mar
Eu quero ver meu amor
Mais quero mora do lado de lá (2x)

Oh meu amor está chorando
Cansada de tanto esperar
Mais a lua do céu é tão linda
Vou fazer serenata pro mar (2x)"
Marinheiro,Marinheiro,Nago,"Marinheiro quer quer quer 
Marinheiro quer beber vinho
Marinheiro quer farda branca
Enfeitada com azul marinho"
Marinheiro,Marinheiro,Nago,"Seu marinheiro eu não sei por que 
Mais toda madrugada eu sonho com você
Marinheiro é bom é bom nessa corrente 
Só os marinheiro para saudar toda essa gente"
Marinheiro,Marinheiro,Congo,"E la mano e la mano meu
Seu cair nessa ladeira 
lá mano segura eu"
Baiano,Zé Baiano,Samba,"Eu vi foi beirando a areia 
Louvei a mamãe sereia saudei mãe Iemanjá (2x)

Salve o senhor do Bonfim 
Iemanjá para me iluminar (2x)

Meu nome é zé baiano vim aqui para trabalhar 
Eu moro na Bahia onde tem o meu conga (2x)"
Baiano,Baiano,Ijexa,"Sete coco andou no mundo 
Sete coco o mundo andou

Na cidade da Bahia 
Sete coco o sim senhor"
Baiano,Baiano,Samba,"Eu levei uma carreira 
E esta foi pequenininha

Um facão de sete arrobas 
Fora o cabo e a bainha

Uma cesta de ovos e setecentas galinhas
E o trem corre é por cima da linha"
Baiano,Baiano,Barravento,"Samba de bambu de bambu le 
Samba de bambu de bambu la

É de bambu bambu le 
É de bambu bambu la

Peneira fina que não pode peneirar
Cordão de ouro que não pode arrebentar

Me dê a sua mão que te boto na pinguela
Pinguela é oba oba e não tem caruncho nela"
Baiano,Baiano,Barravento,"Vamo penerar 
Vamo penerar
Deixa a terra tremer e a poeira levantar"
Baiano,Baiano,Barravento,"Catimbozeiro velho 
Catimbozeiro velho 
Ele é baiano da Bahia ele é Catimbozeiro velho "
Baiano,Baiano,Samba,"Capoeira tome um sentindo (2x)
que eu vou lhe derrubar (2x)

Temos sangue de guerreiro nosso pai é abajé
Você veste calça branca mais não sabe pra que é"
Boiadeiro,Boiadeiro,Samba,"Estava fechando a porteira
Quando o garrote estouro 

Não tenha nada com isso 
Ah essa vida é um horror

Eeee eeee
Manuel quebra pedra eeeee

Mas eu ando no mundo 
Ninguém não me pega 
Cada por baixo é um tombo uma queda"
Boiadeiro,Boiadeiro,Samba,"Quem tem um pai não adora a ele
Eu adoro o meu, porque eu só tenho a ele(2x)

Oi serra, oi serra,
Eu quero ver, seu boiadeiro aqui na terra(2x)"
Boiadeiro,Boiadeiro,Samba,"Boiada boa, boiada de São Vicente 
No meio de tanto boi
Me mandaram um boi doente"
Boiadeiro,Boiadeiro,Samba,"Boiadeiro bom, 
boiadeiro da barra funda (2x)
Vai buscar sua boiada,
Tá na hora da macumba"
Boiadeiro,Boiadeiro,Barravento,"Eu tenho a minha faca
Mas não é por desaforo
Aonde eu mato o boi, ôh calunga
Aqui mesmo eu deixo o coro(2x)

Se esse boi morrer
O mocotó é meu
Pra fazer bandeira, ôh calunga
Desse boi mineiro

Boiá, boiá boiadeiro
Boiadeiro boiá
Se eu contar a minha vida
Esse boiadeiro chora"
Boiadeiro,Lajedo Grande,Barravento,"Por trás daquela mata escura
Em cima do seu lajedo
Eu vi homem tocar boiada
Ele era seu boiadeiro(2X)

Nos campos ele trabalhou,
Na umbanda ele vem trabalhar,
Saravá seu Lajedo Grande
Gretruê, gretruá"
Boiadeiro,Boiadeiro,Barravento,"Que meu sertão é alto
aroeira
E eu vejo o mar
aroeira
Pois sou boiadeiro,
aroeira
Filho de Ganga Zumbá
aroeira"
Caboclo,Caboclo,Congo,"A mata tava fechada, Oxalá mandou abrir
Quem tem sangue de caboclo, quero ver pisar aqui  (2x)

Caboclo é, caboclo é (2x)
Caboclo é a luz da mata, é"
Caboclo,Caboclo,Barravento,"Ê, ê, ê, boca da mata
Deixa os caboclo passar, boca da mata"